Name,Type,Max Length
ingest_ts,string,
bill_client,integer,
bill_caption,integer,
bill_usa_7501_duplex_bool,boolean,
bill_usa_7512_duplex_bool,boolean,
bill_usa_proforma_duplex_bool,boolean,
bill_usa_img_sets_bool,boolean,
bill_usa_img_duplex_bool,boolean,
bill_usa_img_dbl_up_bool,boolean,
bill_usa_stapled_bool,boolean,
bill_usa_consol_deliv_bool,boolean,
bill_usa_consol_freq,string,
bill_usa_consol_day1,string,
bill_usa_consol_day2,string,
bill_usa_summ_billing_bool,boolean,
bill_usa_summ_sort_seq,string,
bill_usa_deliv_method,string,
bill_usa_inv,integer,
bill_usa_7501,integer,
bill_usa_3461,integer,
bill_usa_7512,integer,
bill_usa_proforma,integer,
bill_usa_tot_sets,integer,
bill_usa_delivery_order,integer,
bill_usa_arrival_notice,integer,
bill_usa_quality_ctrl_cd,integer,
bill_usa_threshold_to_print,integer,
bill_number_of_days,integer,
bill_name,string,
bill_address1,string,
bill_address2,string,
bill_address3,string,
bill_address4,string,
bill_postcd,string,
bill_corp_code,string,
bill_team,string,
bill_usa_7533_duplex_bool,boolean,
bill_usa_7523_duplex_bool,boolean,
bill_usa_seb_duplex_bool,boolean,
bill_usa_7533,integer,
bill_usa_7523,integer,
bill_usa_seb,integer,
last_changed_ts,string,
load_dt,date,
