Name,Type,Max Length
ingest_ts,string,
client,integer,
caption,integer,
branch,integer,
invoice_num,integer,
type,string,
filer,string,
entry,string,
load_bool,boolean,
index_update_bool,boolean,
lms_extract_required_bool,boolean,
lms_extract_bool,boolean,
confirm_lms,string,
lms_dt,date,
lms_time,integer,
lms_ts,string,
png_extract_required_bool,boolean,
png_extract_bool,boolean,
confirm_png,string,
png_dt,date,
png_time,integer,
png_ts,string,
pdf_extract_required_bool,boolean,
pdf_extract_bool,boolean,
confirm_pdf,string,
pdf_dt,date,
pdf_time,integer,
pdf_ts,String,
print_expected_dt,date,
not_print_reason,string,
lms_expected_dt,date,
lms_not_extract_reason,string,
png_expected_dt,date,
png_not_extract_reason,string,
pdf_expected_dt,date,
pdf_not_extract_reason,string,
print_bool,boolean,
select_for_arc_bool,boolean,
arc_selected_bool,boolean,
arc_select_dt,date,
mlp_loaded,string,
mlp_loaded_dt,date,
inv_dt,date,
last_changed_ts,string,
load_dt,date,
