Name,Type,Max Length
ingest_ts,string,
bk_client,integer,
bk_caption,integer,
bk_branch,integer,
bk_invoice_num,integer,
bk_type,string,
bk_filer,string,
bk_entry,string,
amount,"decimal(38,2)",
bk_customer_ref,string,
bk_inv_dt,date,
bk_arrival_dt,date,
bk_consignee,string,
bk_extended_bool,boolean,
bk_dt,date,
bk_time,integer,
bk_ts,string,
bk_print_option,string,
bk_print_sub,integer,
bk_inv_page,integer,
bk_location,string,
bk_mod_transport,string,
bk_entry_type,string,
bk_edi_bool,boolean,
bk_border_bool,boolean,
bk_sh_cust,string,
bk_sh_bill,string,
bk_bb,string,
bk_cleared,string,
bk_rule_type,string,
bk_inbond_bool,boolean,
release_dt,date,
release_time,integer,
release_ts,string,
bk_scac,string,
bk_bol,string,
bk_port_entry,integer,
bk_status,string,
last_changed_ts,string,
load_dt,date,
