Name,Type,Max Length
ingest_ts,string,
compclusterid,int,
componentid,string,
itemid,string,
versionid,int,
aclcode,int,
semantictype,int,
expiration_dt,date,
compkey,binary,
create_ts,string,
createuserid,string,
last_changed_ts,string,
last_changed_user_id,string,
us_team,string,
us_billto,int,
us_port,int,
us_scac,string,
us_mbill,string,
us_drcv_ts,string,
us_filer,string,
us_ent_no,string,
us_dw_bool,boolean,
us_stat,string,
us_comments,string,
us_mot,int,
us_inv_num,int,
us_traf,string,
us_arv_dt,date,
us_et,int,
us_clnt_num,int,
us_eta_ts,string,
us_cont_no,string,
us_cust_ref,string,
us_inv_dt,date,
us_qrul,int,
us_crt_dt,date,
us_lac_dt,date,
us_lac_time,int,
us_lac_ts,string,
us_lacu,string,
icmmanagedrecord,int,
us_invbr,int,
us_brn,int,
us_posted_dt,date,
us_liq_dt,date,
us_ituseonly,string,
us_sfwl,string,
us_pmt_num,int,
us_comp_dt,date,
us_pe,string,
us_pe_team,int,
us_pe_emp,int,
us_pe_claim,int,
us_pe_error,int,
us_shipper,int,
us_sid,string,
us_pb,string,
us_rel_bool,boolean,
us_paps,string,
us_purge,string,
us_hscac,string,
us_pcs,int,
us_wght,"decimal(38,2)",
us_clnt_name,string,
us_isf,string,
us_export_dt,date,
us_bol_surrendered,string,
us_freight_chrgpd,string,
us_terminal_chrgpd,string,
us_storrage_demmurage,string,
us_as_invoice,string,
us_dispatched,string,
us_fda_release,string,
us_hold_exam,string,
us_available,string,
us_pod,string,
us_astraf,string,
us_newdocs_bool,boolean,
us_asteam,string,
us_cpx,string,
us_system,string,
us_pga,string,
us_trafemp,int,
us_icrstat,string,
us_icr_batchid,string,
us_ftz_no,string,
us_ready_to_extract,string,
load_dt,date,
